{"MSE": 2.453983836538874, "_timestamp": 1686266297.004317, "_runtime": 7.524973154067993, "_step": 0, "_wandb": {"runtime": 7}}