{"MSE": 2.4473382303023197, "_timestamp": 1686267433.8751528, "_runtime": 5.811471939086914, "_step": 0, "_wandb": {"runtime": 5}}