{"MSE": 2.484283954839161, "_timestamp": 1686267447.438262, "_runtime": 3.2666358947753906, "_step": 0, "_wandb": {"runtime": 2}}