{"MSE": 2.450636492871595, "_timestamp": 1686267950.459151, "_runtime": 5.189297914505005, "_step": 0, "_wandb": {"runtime": 4}}