{"MSE": 2.453983836538874, "_timestamp": 1686266024.899853, "_runtime": 7.398813009262085, "_step": 0, "_wandb": {"runtime": 7}}