{"MSE": 2.454731891970834, "_timestamp": 1686267907.726468, "_runtime": 4.551987171173096, "_step": 0, "_wandb": {"runtime": 4}}