{"MSE": 2.44818378837822, "_timestamp": 1686267977.969342, "_runtime": 6.840398073196411, "_step": 0, "_wandb": {"runtime": 6}}