{"MSE": 2.4480576742183247, "_timestamp": 1686267595.1130712, "_runtime": 5.920388221740723, "_step": 0, "_wandb": {"runtime": 5}}