{"MSE": 2.4486870213125345, "_timestamp": 1686268626.0649862, "_runtime": 4.669023275375366, "_step": 0, "_wandb": {"runtime": 4}}