{"MSE": 2.4513690983575045, "_timestamp": 1686268657.4409442, "_runtime": 4.346434116363525, "_step": 0, "_wandb": {"runtime": 4}}