{"MSE": 2.453983836538874, "_timestamp": 1686266114.343799, "_runtime": 7.596700191497803, "_step": 0, "_wandb": {"runtime": 7}}