{"MSE": 2.4530562185128564, "_timestamp": 1686268688.8176699, "_runtime": 4.071521759033203, "_step": 0, "_wandb": {"runtime": 3}}