{"MSE": 2.453983836538874, "_timestamp": 1686266339.0742579, "_runtime": 7.346771955490112, "_step": 0, "_wandb": {"runtime": 6}}