{"MSE": 2.4862042908300106, "_timestamp": 1686267618.652728, "_runtime": 3.407036066055298, "_step": 0, "_wandb": {"runtime": 2}}