{"MSE": 2.453102440530766, "_timestamp": 1686269069.9361448, "_runtime": 10.136596918106079, "_step": 0, "_wandb": {"runtime": 9}}