{"MSE": 2.4493983945783038, "_timestamp": 1686267637.177384, "_runtime": 5.939656972885132, "_step": 0, "_wandb": {"runtime": 5}}