{"MSE": 2.4616568516997726, "_timestamp": 1686268642.301806, "_runtime": 5.007899045944214, "_step": 0, "_wandb": {"runtime": 4}}