{"MSE": 2.4491841348553285, "_timestamp": 1686267889.7319932, "_runtime": 8.39518427848816, "_step": 0, "_wandb": {"runtime": 8}}