{"MSE": 2.453810306758509, "_timestamp": 1686269177.8188689, "_runtime": 4.2918877601623535, "_step": 0, "_wandb": {"runtime": 3}}