{"MSE": 2.4503755325073997, "_timestamp": 1686267481.8594089, "_runtime": 5.569250822067261, "_step": 0, "_wandb": {"runtime": 5}}