{"MSE": 2.4513226763399762, "_timestamp": 1686269156.809448, "_runtime": 4.581046104431152, "_step": 0, "_wandb": {"runtime": 4}}