{"MSE": 2.4499684706684413, "_timestamp": 1686267665.544193, "_runtime": 7.834233999252319, "_step": 0, "_wandb": {"runtime": 7}}