{"MSE": 2.44810994244959, "_timestamp": 1686267509.588177, "_runtime": 7.240606069564819, "_step": 0, "_wandb": {"runtime": 6}}