{"MSE": 2.538023174384183, "_timestamp": 1686269082.940919, "_runtime": 3.2204389572143555, "_step": 0, "_wandb": {"runtime": 2}}