{"MSE": 2.453159671878842, "_timestamp": 1686268673.406732, "_runtime": 4.503939151763916, "_step": 0, "_wandb": {"runtime": 4}}