{"MSE": 2.470786780476468, "_timestamp": 1686267463.6459541, "_runtime": 3.443024158477783, "_step": 0, "_wandb": {"runtime": 2}}