{"MSE": 2.463125285521633, "_timestamp": 1686267924.216338, "_runtime": 5.013669013977051, "_step": 0, "_wandb": {"runtime": 4}}