{"MSE": 2.464544935503789, "_timestamp": 1686269110.5918238, "_runtime": 8.905442714691162, "_step": 0, "_wandb": {"runtime": 3}}