{"MSE": 2.4606253615376783, "_timestamp": 1686267577.902345, "_runtime": 5.4841389656066895, "_step": 0, "_wandb": {"runtime": 5}}